Streifen,GI_251007,GI_251201,GI_260304,MGRVI_260304,MGRVI_COLOR_260304,GI_260306,MGRVI_260306,MGRVI_COLOR_260306,GI_251203,MGRVI_251203,MGRVI_COLOR_251203,MGRVI_251201,MGRVI_COLOR_251201
ABAlterObstgarten 01,,0.48097675494271547,,,,0.4243958582939887,0.0733926684931729,#a3e635,,,,0.257974060819365,#4ade80
ABAlterObstgarten 02,,0.4819029585454105,,,,0.4429944781432865,0.1229678533412738,#a3e635,,,,0.25789655634692366,#4ade80
ABAlterObstgarten 03,,0.47651556613348234,,,,0.4384483176915006,0.1311266928912299,#a3e635,,,,0.2530657904852836,#4ade80
ABAlterObstgarten 04,,0.4684783545233705,,,,0.4369846826742464,0.1303150006915971,#a3e635,,,,0.2251500468012612,#4ade80
ABAlterObstgarten 05,,0.4607967373069787,,,,0.4212658428063709,0.0874787311418553,#a3e635,,,,0.1940800142708843,#a3e635
ABAlterObstgarten 06,,0.4541863006021442,,,,0.4011527238954184,0.0339712986682699,#a3e635,,,,0.16119578666623913,#a3e635
ABAlterObstgarten 07,,0.4570330103162464,,,,0.4044722314773188,0.0575996143103908,#a3e635,,,,0.19860127367411817,#a3e635
ABAlterObstgarten 08,,0.4319186046272434,,,,0.3943820319376818,0.0492680664546535,#a3e635,,,,0.12602582313467872,#a3e635
ABAlterObstgarten 09,,0.4284052902504575,,,,0.3879036715835281,0.0404632421604811,#a3e635,,,,0.12660322571324698,#a3e635
ABAlterObstgarten 10,,0.4313436459671979,,,,0.3865359202390431,0.0495642306844896,#a3e635,,,,0.14994599443247575,#a3e635
ABAlterObstgarten 100,,0.3388138470059669,,,,0.3542844427476496,-0.0043957963459553,#eab308,,,,-0.0660255055144661,#eab308
ABAlterObstgarten 101,,0.362115463723879,,,,0.3518833700223645,-0.0077425943607062,#eab308,,,,0.027862991488695563,#a3e635
ABAlterObstgarten 102,,0.3797605460300468,,,,0.367170393899515,0.0256065495830806,#a3e635,,,,0.0819980496474302,#a3e635
ABAlterObstgarten 103,,0.3529656177158881,,,,0.3566828087663593,0.0064760422757059,#a3e635,,,,0.0007780445627343451,#a3e635
ABAlterObstgarten 104,,0.34139967272390986,,,,0.3638160711841022,0.0243950141369483,#a3e635,,,,-0.051109119850499055,#eab308
ABAlterObstgarten 105,,0.3278601428393198,,,,0.3434174655101263,-0.0295313202953478,#eab308,,,,-0.10412490229188676,#eab308
ABAlterObstgarten 106,,0.35814041012415987,,,,0.3545242156821782,-0.0186524365041165,#eab308,,,,0.052797507730898675,#a3e635
ABAlterObstgarten 107,,0.3284766403213683,,,,0.3427621910868231,-0.0407671023894821,#eab308,,,,-0.10723261897798053,#eab308
ABAlterObstgarten 108,,0.33882633393143863,,,,0.3550326162516822,-0.0067260460303419,#eab308,,,,-0.06753376950694441,#eab308
ABAlterObstgarten 109,,0.41197490866307174,,,,0.3584206828104054,-0.0145486081008543,#eab308,,,,0.18594031552941767,#a3e635
ABAlterObstgarten 11,,0.43259341904726445,,,,0.3880501311859398,0.0603515448198531,#a3e635,,,,0.16583387880250847,#a3e635
ABAlterObstgarten 110,,0.3315647343316793,,,,0.3395657888433761,-0.0538337235962155,#eab308,,,,-0.09966284799466113,#eab308
ABAlterObstgarten 111,,0.33434126613401244,,,,0.3581836447342958,0.0015922795741092,#a3e635,,,,-0.10181399536543875,#eab308
ABAlterObstgarten 112,,0.33638727155874903,,,,0.3445748564036285,-0.0521371570996959,#eab308,,,,-0.08531945669617985,#eab308
ABAlterObstgarten 113,,0.3348474434509382,,,,0.3516774864812955,-0.0192428232132471,#eab308,,,,-0.09216756559552577,#eab308
ABAlterObstgarten 114,,0.33368326038220875,,,,0.3419255349980175,-0.0491425643103638,#eab308,,,,-0.09322946158089009,#eab308
ABAlterObstgarten 115,,0.33257894413568595,,,,0.3394069408221423,-0.0550589573661822,#eab308,,,,-0.09617966541425071,#eab308
ABAlterObstgarten 116,,0.33972813533442,,,,0.3531744903428498,-0.0226719895633832,#eab308,,,,-0.07786882810480802,#eab308
ABAlterObstgarten 117,,0.35138260124633713,,,,0.3795972137046373,0.0532998379908855,#a3e635,,,,-0.03428141270090985,#eab308
ABAlterObstgarten 118,,0.3301250097353084,,,,0.3480590134401038,-0.0309193912528365,#eab308,,,,-0.11755650867786535,#eab308
ABAlterObstgarten 119,,0.3436010109600001,,,,0.3603523062752036,-0.0023672485518767,#eab308,,,,-0.06502276688861654,#eab308
ABAlterObstgarten 12,,0.44108372050923467,,,,0.3795156964568236,0.0241573531866738,#a3e635,,,,0.19917821484763187,#a3e635
ABAlterObstgarten 120,,0.33806730286252235,,,,0.3641204352399048,0.0004469382613606,#a3e635,,,,-0.08804429589253643,#eab308
ABAlterObstgarten 121,,0.3391520803543207,,,,,,#94a3b8,,,,-0.08056373420651324,#eab308
ABAlterObstgarten 122,,0.3293911487879074,,,,,,#94a3b8,,,,-0.114225864656911,#eab308
ABAlterObstgarten 123,,0.33025561827984823,,,,,,#94a3b8,,,,-0.1170006934857482,#eab308
ABAlterObstgarten 124,,0.33546350838065975,,,,,,#94a3b8,,,,-0.09691810975958293,#eab308
ABAlterObstgarten 125,,0.3391256441431318,,,,,,#94a3b8,,,,-0.0923085686538267,#eab308
ABAlterObstgarten 126,,0.3331134437046178,,,,,,#94a3b8,,,,-0.1204840847081614,#eab308
ABAlterObstgarten 127,,0.3295343526900506,,,,,,#94a3b8,,,,-0.13498945096621123,#eab308
ABAlterObstgarten 128,,0.3499231129434886,,,,,,#94a3b8,,,,-0.062201921198502375,#eab308
ABAlterObstgarten 129,,0.4472421082841987,,,,,,#94a3b8,,,,0.22283180674732164,#4ade80
ABAlterObstgarten 13,,0.44611609085599185,,,,0.3870586744645002,0.0442849833484358,#a3e635,,,,0.2181859334420774,#4ade80
ABAlterObstgarten 130,,0.4448079096316658,,,,,,#94a3b8,,,,0.21037484336648135,#4ade80
ABAlterObstgarten 14,,0.4535022918416219,,,,0.3852601145278846,0.0397375779820114,#a3e635,,,,0.2485443715892473,#4ade80
ABAlterObstgarten 15,,0.4738040909445914,,,,0.3977191679054336,0.0686268985723689,#a3e635,,,,0.31801357884584025,#4ade80
ABAlterObstgarten 16,,0.4731872325301417,,,,0.3786527604619416,-0.020657670347003,#eab308,,,,0.3011639846163703,#4ade80
ABAlterObstgarten 17,,0.36610652373944125,,,,0.3442359682063931,-0.0631027090253628,#eab308,,,,-0.1021957426387289,#eab308
ABAlterObstgarten 18,,0.3861836822286084,,,,0.3512160828008172,-0.035163352250156,#eab308,,,,0.01995284046174841,#a3e635
ABAlterObstgarten 19,,0.3577338187213183,,,,0.3365553794135079,-0.0714542757368178,#eab308,,,,-0.08838246016010887,#eab308
ABAlterObstgarten 20,,0.4239745414197453,,,,0.3339613649663548,-0.0665685874151223,#eab308,,,,0.19165057383137504,#a3e635
ABAlterObstgarten 21,,0.37943790464809507,,,,0.3368133086250656,-0.0644225321962914,#eab308,,,,-0.05355000902038676,#eab308
ABAlterObstgarten 22,,0.41119627079247445,,,,0.3354752635798784,-0.0862912645645382,#eab308,,,,0.0894986066984284,#a3e635
ABAlterObstgarten 23,,0.3791495587542526,,,,0.3365605135883955,-0.0874107586791816,#eab308,,,,0.019058760246999724,#a3e635
ABAlterObstgarten 24,,0.3770956476322326,,,,0.3387795046168583,-0.081233509045931,#eab308,,,,0.009703534298189955,#a3e635
ABAlterObstgarten 25,,0.33788259344762334,,,,0.3314505857104641,-0.0802601025896233,#eab308,,,,-0.14515145173185623,#eab308
ABAlterObstgarten 26,,0.38507308909255555,,,,0.390485157852052,0.1528527068094363,#a3e635,,,,0.10117949503595787,#a3e635
ABAlterObstgarten 27,,0.3446586105869055,,,,0.3495633189189258,-0.0034413409585774,#eab308,,,,-0.09233522906266704,#eab308
ABAlterObstgarten 28,,0.4189753105773206,,,,0.4129996389770979,0.1754194628145859,#a3e635,,,,0.13826848142579654,#a3e635
ABAlterObstgarten 29,,0.3365741457060504,,,,0.3488910894854081,-0.0066658496085231,#eab308,,,,-0.11175562580254314,#eab308
ABAlterObstgarten 30,,0.33248033751175665,,,,0.34740022965042,-0.0116151883033433,#eab308,,,,-0.1394997100439443,#eab308
ABAlterObstgarten 31,,0.3366650858661578,,,,0.3529785861492127,0.0044703073915722,#a3e635,,,,-0.10661088761443184,#eab308
ABAlterObstgarten 32,,0.34837303065957237,,,,0.3503585583274197,-0.0077283125505104,#eab308,,,,-0.08267328077127212,#eab308
ABAlterObstgarten 33,,0.33675642513557236,,,,0.3606360750774208,0.0253190583529949,#a3e635,,,,-0.11699867272712625,#eab308
ABAlterObstgarten 34,,0.34574005598438573,,,,0.350212158870697,-0.0092706186421025,#eab308,,,,-0.08085960005102297,#eab308
ABAlterObstgarten 35,,0.3504829107778126,,,,0.3383806193935211,-0.0686161401710605,#eab308,,,,-0.09241010031790438,#eab308
ABAlterObstgarten 36,,0.32608262285011325,,,,0.3377025342013471,-0.0400506628096829,#eab308,,,,-0.13719233427525937,#eab308
ABAlterObstgarten 37,,0.32866689021892437,,,,0.3440092077025282,-0.0321343637124494,#eab308,,,,-0.1286209054200126,#eab308
ABAlterObstgarten 38,,0.35040456327425024,,,,0.3297916137967315,-0.1156635245519611,#eab308,,,,-0.0065115912159550236,#eab308
ABAlterObstgarten 39,,0.3288165689525781,,,,0.3402774418106355,-0.05012280524865,#eab308,,,,-0.12736091383276588,#eab308
ABAlterObstgarten 40,,0.32943769423653035,,,,0.3434959910135935,-0.0392283413134409,#eab308,,,,-0.12211543283338155,#eab308
ABAlterObstgarten 41,,0.3963476444352448,,,,0.3362341159345502,-0.069986071393242,#eab308,,,,0.09870748254011381,#a3e635
ABAlterObstgarten 42,,0.3918374497784807,,,,0.3361448379898712,-0.0732704738097069,#eab308,,,,0.07954498890014432,#a3e635
ABAlterObstgarten 43,,0.3729751693783504,,,,0.3318616338397959,-0.0740748131136109,#eab308,,,,0.06485641146020092,#a3e635
ABAlterObstgarten 44,,0.3562623868576119,,,,0.3312863045446714,-0.0972810184848141,#eab308,,,,0.02329446586316693,#a3e635
ABAlterObstgarten 45,,0.3866097183179904,,,,0.3416285373482177,-0.0710986892157938,#eab308,,,,0.055569335585370014,#a3e635
ABAlterObstgarten 46,,0.3968015374080084,,,,0.3443175237377801,-0.0614181853595801,#eab308,,,,0.07246336254510782,#a3e635
ABAlterObstgarten 47,,0.37647020471650217,,,,0.3433622081636863,-0.0651086134126275,#eab308,,,,-0.013787457040721566,#eab308
ABAlterObstgarten 48,,0.37271052807003385,,,,0.350061234133955,-0.0425789117445389,#eab308,,,,-0.027043900677486576,#eab308
ABAlterObstgarten 49,,0.3643871606179838,,,,0.350572402942298,-0.0373587080207633,#eab308,,,,-0.04963224679705219,#eab308
ABAlterObstgarten 50,,0.3481979273506231,,,,0.3503265087868994,-0.0421199076111781,#eab308,,,,-0.16324210748176837,#eab308
ABAlterObstgarten 51,,0.3310299508762705,,,,0.3417117485525906,-0.0318195348181595,#eab308,,,,-0.11641082687025374,#eab308
ABAlterObstgarten 52,,0.4059649380731785,,,,0.3869978226206852,0.1071871214728982,#a3e635,,,,0.13512295539393238,#a3e635
ABAlterObstgarten 53,,0.3862365102633115,,,,0.4044378484741109,0.1513136351716061,#a3e635,,,,0.07368861147462995,#a3e635
ABAlterObstgarten 54,,0.3432685478577538,,,,0.3640507773504118,0.0272446291012762,#a3e635,,,,-0.07893195075197189,#eab308
ABAlterObstgarten 55,,0.39148861287738224,,,,0.3953980960901301,0.1189599607594988,#a3e635,,,,0.09019764214415296,#a3e635
ABAlterObstgarten 56,,0.3670630529393934,,,,0.3720393079171404,0.0541326972878252,#a3e635,,,,0.003063889391407758,#a3e635
ABAlterObstgarten 57,,0.38334604049425397,,,,0.3371139156448339,-0.0820302945847659,#eab308,,,,0.0855749594406301,#a3e635
ABAlterObstgarten 58,,0.3490654489883668,,,,0.3345543267373173,-0.0739447493134349,#eab308,,,,-0.07724523283052862,#eab308
ABAlterObstgarten 59,,0.33963457045355233,,,,0.3521960685662491,-0.0054902962118703,#eab308,,,,-0.07491756698141883,#eab308
ABAlterObstgarten 60,,0.4294903412190189,,,,0.3765660392214004,0.060676645929091,#a3e635,,,,0.2015729251012814,#4ade80
ABAlterObstgarten 61,,0.3302827813624793,,,,0.3360530858060105,-0.0583735555823135,#eab308,,,,-0.10917919492200605,#eab308
ABAlterObstgarten 62,,0.32833267628971613,,,,0.3320599943247984,-0.0735766151081351,#eab308,,,,-0.12331862097477611,#eab308
ABAlterObstgarten 63,,0.3261750229762568,,,,0.3361150992542454,-0.0582939670402465,#eab308,,,,-0.13778279171854813,#eab308
ABAlterObstgarten 64,,0.33765658302463825,,,,0.3688456114156512,0.0400955000001934,#a3e635,,,,-0.11558060535684032,#eab308
ABAlterObstgarten 65,,0.3298418525768948,,,,0.3392796256613216,-0.0448916379673001,#eab308,,,,-0.11045851709616723,#eab308
ABAlterObstgarten 66,,0.33583591752829706,,,,0.3438187392121973,-0.0339222000657126,#eab308,,,,-0.11765767887534011,#eab308
ABAlterObstgarten 67,,0.3293757144356234,,,,0.3386839608299483,-0.0464902656299128,#eab308,,,,-0.10599502350532646,#eab308
ABAlterObstgarten 68,,0.34097006814460606,,,,0.3534410061169999,-0.0064633909058276,#eab308,,,,-0.06778153675037153,#eab308
ABAlterObstgarten 69,,0.39472011292384784,,,,0.3403446808715486,-0.0511924384656058,#eab308,,,,0.06385475389442527,#a3e635
ABAlterObstgarten 70,,0.37461938729414956,,,,0.3353393969161347,-0.061240814256874,#eab308,,,,-0.01668411780363348,#eab308
ABAlterObstgarten 71,,0.41667980425516427,,,,0.3504261849858461,-0.031311469234089,#eab308,,,,0.13134974234579366,#a3e635
ABAlterObstgarten 72,,0.3403090352320467,,,,0.3589367219272637,0.0135072628022164,#a3e635,,,,-0.06105686229069461,#eab308
ABAlterObstgarten 73,,0.33610393004597716,,,,0.3487523456430578,-0.0271317165211102,#eab308,,,,-0.07931347211975323,#eab308
ABAlterObstgarten 74,,0.3306451338782288,,,,0.3396728715455104,-0.053888317774808,#eab308,,,,-0.09850713593569899,#eab308
ABAlterObstgarten 75,,0.3325424461710878,,,,0.3473367783422679,-0.0298213097393817,#eab308,,,,-0.08933522067671892,#eab308
ABAlterObstgarten 76,,0.3362127372722889,,,,0.3522486623638807,-0.007292023651605,#eab308,,,,-0.07354197947373665,#eab308
ABAlterObstgarten 77,,0.32675277672937664,,,,0.3418283796802353,-0.0314548381479242,#eab308,,,,-0.10584993163966909,#eab308
ABAlterObstgarten 78,,0.33120453470901523,,,,0.3417274991239836,-0.0356451919355436,#eab308,,,,-0.09151291616733409,#eab308
ABAlterObstgarten 79,,0.3338310336917529,,,,0.358106553113857,0.0074107112138428,#a3e635,,,,-0.10119500069689948,#eab308
ABAlterObstgarten 80,,0.33218313431489843,,,,0.3444652053516718,-0.0333506740316424,#eab308,,,,-0.08824843073510566,#eab308
ABAlterObstgarten 81,,0.34028373212378044,,,,0.3588276264322011,0.0090451848638282,#a3e635,,,,-0.07719654165831805,#eab308
ABAlterObstgarten 82,,0.33632098474094524,,,,0.3457944268540178,-0.0256112252013722,#eab308,,,,-0.08442834406325964,#eab308
ABAlterObstgarten 83,,0.3367541620143571,,,,0.3569134292304926,0.0061873892496437,#a3e635,,,,-0.0868005955616552,#eab308
ABAlterObstgarten 84,,0.34136441804471335,,,,0.3466152816249271,-0.0294084165551772,#eab308,,,,-0.045426956665346754,#eab308
ABAlterObstgarten 85,,0.3641195874675526,,,,0.3362717267688794,-0.0837570701930312,#eab308,,,,0.020463476976364574,#a3e635
ABAlterObstgarten 86,,0.35711463532860244,,,,0.3289058867594795,-0.1048718722888896,#eab308,,,,-0.015790807440567444,#eab308
ABAlterObstgarten 87,,0.3610976072275686,,,,0.3380468965101729,-0.0694565121188274,#eab308,,,,0.01903282947981175,#a3e635
ABAlterObstgarten 88,,0.3287615991968817,,,,0.3457595453738076,-0.0272492890633785,#eab308,,,,-0.08488601771297832,#eab308
ABAlterObstgarten 89,,0.33855605551897505,,,,0.3474733504946096,-0.026353138392523,#eab308,,,,-0.047104122384594355,#eab308
ABAlterObstgarten 90,,0.33666955953794336,,,,0.3528931614889177,-0.0047332057515072,#eab308,,,,-0.05970708391244315,#eab308
ABAlterObstgarten 91,,0.33704672617443665,,,,0.3517638603216443,-0.0122557773567409,#eab308,,,,-0.06093801996320972,#eab308
ABAlterObstgarten 92,,0.33237595642241347,,,,0.3484659461926254,-0.0232164948236812,#eab308,,,,-0.06860155895782802,#eab308
ABAlterObstgarten 93,,0.3241318379372291,,,,0.3384485938984494,-0.0446953448814608,#eab308,,,,-0.09634302819231023,#eab308
ABAlterObstgarten 94,,0.32671447585297664,,,,0.3392827472070392,-0.0344819552299808,#eab308,,,,-0.0889891444815022,#eab308
ABAlterObstgarten 95,,0.33090078027996594,,,,0.35206632307623,-0.0082307272699232,#eab308,,,,-0.09168107326110968,#eab308
ABAlterObstgarten 96,,0.3427040980300011,,,,0.3598999968699328,0.017487537585389,#a3e635,,,,-0.04028590508453575,#eab308
ABAlterObstgarten 97,,0.3892535887238359,,,,0.3872582351855537,0.0865401663809172,#a3e635,,,,0.14529201040204212,#a3e635
ABAlterObstgarten 98,,0.3601492396598657,,,,0.3700996364087788,0.053561650357236,#a3e635,,,,0.030182884066172193,#a3e635
ABAlterObstgarten 99,,0.3498760650994604,,,,0.3648487294422396,0.0375256099696985,#a3e635,,,,-0.012282871653287545,#eab308
Forsthaus_Ecke 120,,,,,,0.4424836855628242,0.167333208310444,#a3e635,,,,,
Forsthaus_Ecke 121,,,,,,0.4496634284921617,0.1813887969829584,#a3e635,,,,,
Forsthaus_Ecke 122,,,,,,0.3786173542646511,-0.0137148576045654,#eab308,,,,,
Forsthaus_Ecke 123,,,,,,0.3754821748877825,-0.0177758614053859,#eab308,,,,,
Forsthaus_Ecke 124,,,,,,0.3876351277626907,0.0072256472601931,#a3e635,,,,,
Forsthaus_Ecke 125,,,,,,0.441536635690788,0.1169248741831096,#a3e635,,,,,
Forsthaus_Ecke 126,,,,,,0.4524725530251785,0.1308649886369718,#a3e635,,,,,
Forsthaus_Ecke 127,,,,,,0.4506190015704593,0.1309378398758396,#a3e635,,,,,
Forsthaus_Ecke 128,,,,,,0.4408102462684847,0.1117403231007289,#a3e635,,,,,
Forsthaus_Ecke 129,,,,,,0.4396474272240125,0.0896197510424607,#a3e635,,,,,
Forsthaus_Unten 100,,,,,,0.4010859607620045,0.0675585312752419,#a3e635,,,,,
Forsthaus_Unten 101,,,,,,0.4046402381506822,0.0765203798406354,#a3e635,,,,,
Forsthaus_Unten 102,,,,,,0.4028064276582851,0.0685054112131695,#a3e635,,,,,
Forsthaus_Unten 103,,,,,,0.4023047796127098,0.0671566162044371,#a3e635,,,,,
Forsthaus_Unten 104,,,,,,0.3985808268558309,0.0610868885968169,#a3e635,,,,,
Forsthaus_Unten 105,,,,,,0.4020957845631498,0.0668769779875152,#a3e635,,,,,
Forsthaus_Unten 106,,,,,,0.4136440603416875,0.0946678545132549,#a3e635,,,,,
Forsthaus_Unten 107,,,,,,0.432130167836423,0.1385979709433821,#a3e635,,,,,
Forsthaus_Unten 108,,,,,,0.4087541607819769,0.0865779392177302,#a3e635,,,,,
Forsthaus_Unten 109,,,,,,0.4010387677164815,0.0674929342208271,#a3e635,,,,,
Forsthaus_Unten 110,,,,,,0.3970391682982643,0.0593557435364899,#a3e635,,,,,
Forsthaus_Unten 111,,,,,,0.4057355920241718,0.0778773496989719,#a3e635,,,,,
Forsthaus_Unten 112,,,,,,0.3672508134889404,-0.0365014387763445,#eab308,,,,,
Forsthaus_Unten 113,,,,,,0.4006187064406028,0.0636671710535547,#a3e635,,,,,
Forsthaus_Unten 114,,,,,,0.3988055694322388,0.0596278704018014,#a3e635,,,,,
Forsthaus_Unten 115,,,,,,0.4061752387491914,0.0736770643970913,#a3e635,,,,,
Forsthaus_Unten 116,,,,,,0.3999442718013282,0.0629206491343677,#a3e635,,,,,
Forsthaus_Unten 117,,,,,,0.4039751438425923,0.0691713781497522,#a3e635,,,,,
Forsthaus_Unten 118,,,,,,0.4004848636434258,0.0619482602530443,#a3e635,,,,,
Forsthaus_Unten 119,,,,,,0.4152173843284513,0.0978153933466226,#a3e635,,,,,
Forsthaus_Unten 120,,,,,,0.4315256264446082,0.1399573316857103,#a3e635,,,,,
Forsthaus_Unten 121,,,,,,0.4275350613627424,0.1213443600820408,#a3e635,,,,,
Forsthaus_Unten 122,,,,,,0.4016593532210701,0.0611456119718685,#a3e635,,,,,
Forsthaus_Unten 123,,,,,,0.4060596505063621,0.06985041141586,#a3e635,,,,,
Forsthaus_Unten 124,,,,,,0.4111220238688665,0.0818885575868451,#a3e635,,,,,
Forsthaus_Unten 125,,,,,,0.4031005140971285,0.0588438970386602,#a3e635,,,,,
Forsthaus_Unten 126,,,,,,0.4069417744677793,0.0686612313001777,#a3e635,,,,,
Forsthaus_Unten 127,,,,,,0.4050453597245581,0.0500463566653343,#a3e635,,,,,
Forsthaus_Unten 128,,,,,,0.4038245618658738,0.0541932888719468,#a3e635,,,,,
Forsthaus_Unten 129,,,,,,0.4041030380979979,0.053816643612779,#a3e635,,,,,
Forsthaus_Unten 130,,,,,,0.4035419165419084,0.0614560451428501,#a3e635,,,,,
Forsthaus_Unten 131,,,,,,0.3991575697050704,0.0509972166642545,#a3e635,,,,,
Forsthaus_Unten 132,,,,,,0.3899158680524524,0.0159364901286202,#a3e635,,,,,
Forsthaus_Unten 133,,,,,,0.3975433119215993,0.0332382397134117,#a3e635,,,,,
Forsthaus_Unten 134,,,,,,0.3699184685534311,-0.0206091693831694,#eab308,,,,,
Forsthaus_Unten 135,,,,,,0.3620292375478812,-0.0456458935087183,#eab308,,,,,
Forsthaus_Unten 136,,,,,,0.3563260843734656,-0.0498637846437208,#eab308,,,,,
Forsthaus_Unten 137,,,,,,0.3613445094601279,-0.0414639896502543,#eab308,,,,,
Forsthaus_Unten 138,,,,,,0.3535618893808927,-0.0512863025206333,#eab308,,,,,
Forsthaus_Unten 139,,,,,,0.3519357963496373,-0.0480297770509585,#eab308,,,,,
Forsthaus_Unten 140,,,,,,0.3519130579688267,-0.0418274930448778,#eab308,,,,,
Forsthaus_Unten 141,,,,,,0.3548093248164675,-0.0356681523071016,#eab308,,,,,
Forsthaus_Unten 142,,,,,,0.4152406828606449,0.0957042976530667,#a3e635,,,,,
Forsthaus_Unten 28,,,,,,0.3419364955681057,-0.0617057879352632,#eab308,,,,,
Forsthaus_Unten 29,,,,,,0.3400191430050631,-0.0691473351230171,#eab308,,,,,
Forsthaus_Unten 30,,,,,,0.3412373579093283,-0.0626034525964767,#eab308,,,,,
Forsthaus_Unten 31,,,,,,0.3388856649605032,-0.0752330024364853,#eab308,,,,,
Forsthaus_Unten 32,,,,,,0.3475822769186273,-0.0524667789445569,#eab308,,,,,
Forsthaus_Unten 33,,,,,,0.3432332037620451,-0.0720685696263926,#eab308,,,,,
Forsthaus_Unten 34,,,,,,0.3413921503874384,-0.0758753469155599,#eab308,,,,,
Forsthaus_Unten 35,,,,,,0.3578295050655255,-0.0203149570075746,#eab308,,,,,
Forsthaus_Unten 36,,,,,,0.3686098449324728,0.0238969620644498,#a3e635,,,,,
Forsthaus_Unten 37,,,,,,0.3655178556872881,0.0196960804997173,#a3e635,,,,,
Forsthaus_Unten 38,,,,,,0.3631443195536079,0.006533190604891,#a3e635,,,,,
Forsthaus_Unten 39,,,,,,0.3691705032051832,0.0381550559448878,#a3e635,,,,,
Forsthaus_Unten 40,,,,,,0.3830496013964717,0.0818443002382257,#a3e635,,,,,
Forsthaus_Unten 41,,,,,,0.3741072701569131,0.0449066326490363,#a3e635,,,,,
Forsthaus_Unten 42,,,,,,0.3811857471879569,0.0808381086890656,#a3e635,,,,,
Forsthaus_Unten 43,,,,,,0.3772818747930567,0.0693555872908319,#a3e635,,,,,
Forsthaus_Unten 44,,,,,,0.3807096760613081,0.0805010273489886,#a3e635,,,,,
Forsthaus_Unten 45,,,,,,0.3746770892670894,0.0597592779466872,#a3e635,,,,,
Forsthaus_Unten 46,,,,,,0.3814612428373144,0.0751064576686308,#a3e635,,,,,
Forsthaus_Unten 47,,,,,,0.3700424248506563,0.0392469952297113,#a3e635,,,,,
Forsthaus_Unten 48,,,,,,0.3797143798136329,0.0679623282662809,#a3e635,,,,,
Forsthaus_Unten 49,,,,,,0.366605795096922,0.0196318601772285,#a3e635,,,,,
Forsthaus_Unten 50,,,,,,0.3669315146937909,0.0172368286560552,#a3e635,,,,,
Forsthaus_Unten 51,,,,,,0.3745699395272559,0.0314332308601595,#a3e635,,,,,
Forsthaus_Unten 52,,,,,,0.3693424403286136,0.0040235856274386,#a3e635,,,,,
Forsthaus_Unten 53,,,,,,0.360776932200833,-0.026824142263632,#eab308,,,,,
Forsthaus_Unten 54,,,,,,0.3897819196866065,0.0551313827074182,#a3e635,,,,,
Forsthaus_Unten 55,,,,,,0.3879188427278477,0.035510234624888,#a3e635,,,,,
Forsthaus_Unten 56,,,,,,0.3767960253209139,0.0161337274462322,#a3e635,,,,,
Forsthaus_Unten 57,,,,,,0.3765251360200998,0.017950744811673,#a3e635,,,,,
Forsthaus_Unten 58,,,,,,0.368574238613888,-0.0066595396192724,#eab308,,,,,
Forsthaus_Unten 59,,,,,,0.3860285409415943,0.0424750730693728,#a3e635,,,,,
Forsthaus_Unten 60,,,,,,0.379995654902861,0.0299381906110405,#a3e635,,,,,
Forsthaus_Unten 61,,,,,,0.4011172336692051,0.0884917265977874,#a3e635,,,,,
Forsthaus_Unten 62,,,,,,0.3790493839903524,0.0300676113464403,#a3e635,,,,,
Forsthaus_Unten 63,,,,,,0.3883809452239482,0.0532392824137048,#a3e635,,,,,
Forsthaus_Unten 64,,,,,,0.3835715828738198,0.0415696177319925,#a3e635,,,,,
Forsthaus_Unten 65,,,,,,0.3900578785211233,0.0554429633617638,#a3e635,,,,,
Forsthaus_Unten 66,,,,,,0.395008771271882,0.0727145536605958,#a3e635,,,,,
Forsthaus_Unten 67,,,,,,0.3995420061032951,0.0827430125463128,#a3e635,,,,,
Forsthaus_Unten 68,,,,,,0.4127135742866821,0.1120581500382251,#a3e635,,,,,
Forsthaus_Unten 69,,,,,,0.3922990814731858,0.0568566032434071,#a3e635,,,,,
Forsthaus_Unten 70,,,,,,0.3970010103876205,0.0670582897174499,#a3e635,,,,,
Forsthaus_Unten 71,,,,,,0.3862849300601008,0.0360537332687497,#a3e635,,,,,
Forsthaus_Unten 72,,,,,,0.3983110318333666,0.0692440895593617,#a3e635,,,,,
Forsthaus_Unten 73,,,,,,0.387976558728272,0.0374774568494818,#a3e635,,,,,
Forsthaus_Unten 74,,,,,,0.387067538041442,0.0308383020319962,#a3e635,,,,,
Forsthaus_Unten 75,,,,,,0.3959654085201834,0.0579837511103,#a3e635,,,,,
Forsthaus_Unten 76,,,,,,0.4015223880208557,0.0726635349559483,#a3e635,,,,,
Forsthaus_Unten 77,,,,,,0.3599024213127439,-0.065427709513225,#eab308,,,,,
Forsthaus_Unten 78,,,,,,0.3978566128774457,0.0612758608472025,#a3e635,,,,,
Forsthaus_Unten 79,,,,,,0.3909315197610454,0.0423376459820289,#a3e635,,,,,
Forsthaus_Unten 80,,,,,,0.3944590942743404,0.0460732129562072,#a3e635,,,,,
Forsthaus_Unten 81,,,,,,0.4101237424219385,0.090859132117402,#a3e635,,,,,
Forsthaus_Unten 82,,,,,,0.3941331855797756,0.0422437487669308,#a3e635,,,,,
Forsthaus_Unten 83,,,,,,0.3604794039813521,-0.0723387218146851,#eab308,,,,,
Forsthaus_Unten 84,,,,,,0.4003355814201593,0.0633479510644608,#a3e635,,,,,
Forsthaus_Unten 85,,,,,,0.4038006064570659,0.0828560438196314,#a3e635,,,,,
Forsthaus_Unten 86,,,,,,0.4073214057900494,0.0891008968400399,#a3e635,,,,,
Forsthaus_Unten 87,,,,,,0.4023207142184395,0.0737283936494854,#a3e635,,,,,
Forsthaus_Unten 88,,,,,,0.4112223888359535,0.104813028216199,#a3e635,,,,,
Forsthaus_Unten 89,,,,,,0.4084978032313955,0.0972545902790023,#a3e635,,,,,
Forsthaus_Unten 90,,,,,,0.4136499379292429,0.1121079107846804,#a3e635,,,,,
Forsthaus_Unten 91,,,,,,0.3987704712938433,0.0680646949396706,#a3e635,,,,,
Forsthaus_Unten 92,,,,,,0.4122071058984156,0.1033210121044346,#a3e635,,,,,
Forsthaus_Unten 93,,,,,,0.4058444664740434,0.083696400529367,#a3e635,,,,,
Forsthaus_Unten 94,,,,,,0.4342243269135731,0.1488278516899404,#a3e635,,,,,
Forsthaus_Unten 95,,,,,,0.4152519249345996,0.1004881288464487,#a3e635,,,,,
Forsthaus_Unten 96,,,,,,0.4093186540706982,0.0886688509865709,#a3e635,,,,,
Forsthaus_Unten 97,,,,,,0.404254392304443,0.0737952635311755,#a3e635,,,,,
Forsthaus_Unten 98,,,,,,0.4083396209057608,0.0847215994736271,#a3e635,,,,,
Forsthaus_Unten 99,,,,,,0.4117458615403401,0.0902405932713716,#a3e635,,,,,
HausEiche 01,,,0.3471274127203388,-0.1003494934750216,#eab308,,,,0.3498833073834732,-0.085086858424101,#eab308,,
HausEiche 02,,,0.3432821493819892,-0.1041987797849592,#eab308,,,,0.340178967796248,-0.1092162485898327,#eab308,,
HausEiche 03,,,0.3401523052117475,-0.1042615996815389,#eab308,,,,0.3360041289003126,-0.1501961120732928,#eab308,,
HausEiche 04,,,0.3503466595313774,-0.0721111633622992,#eab308,,,,0.3471316485379619,-0.0884160135583149,#eab308,,
HausEiche 05,,,0.3626800437142083,-0.0547300998282507,#eab308,,,,0.3597392063341682,-0.014840642838126,#eab308,,
HausEiche 06,,,0.3529751273502074,-0.0790354645593649,#eab308,,,,0.3510826799707969,-0.0531223830928742,#eab308,,
HausEiche 07,,,0.3799228034450845,-0.002648773292777,#eab308,,,,0.3689718431877842,0.0225588632754456,#a3e635,,
HausEiche 08,,,0.3767791895844303,-0.0147862163445092,#eab308,,,,0.4071213413855187,0.1443385910843714,#a3e635,,
HausEiche 09,,,0.4538813107488084,0.264977772975091,#4ade80,,,,0.3856969500018223,0.1899986397466634,#a3e635,,
HausEiche 10,,,0.4488541759442099,0.2548397345365443,#4ade80,,,,0.3731801249355634,0.1454598639921759,#a3e635,,
HausEiche 11,,,0.4431166956896633,0.2433350405382262,#4ade80,,,,0.3677197211766401,0.1267953849093026,#a3e635,,
HausEiche 12,,,0.4511086829753765,0.2595165347353322,#4ade80,,,,0.3792611665694245,0.1659085632120723,#a3e635,,
HausEiche 13,,,0.443369567600426,0.2360424936875393,#4ade80,,,,0.3741698803071664,0.1450270777489286,#a3e635,,
HausEiche 14,,,0.3930693359459273,0.064768712811074,#a3e635,,,,0.355403096457164,0.0232757873559787,#a3e635,,
HausEiche 15,,,0.3217797340134944,-0.167849597766116,#eab308,,,,0.3521562207994111,-0.0078293530781094,#eab308,,
HausEiche 16,,,0.3382852117063109,-0.0620698120064665,#eab308,,,,0.3273112576209132,-0.1044220229553151,#eab308,,
HausEiche 17,,,0.3239726325445287,-0.1736279045975458,#eab308,,,,0.3219794898819841,-0.1022614674476111,#eab308,,
HausEiche 18,,,0.3353359598693853,-0.1457357762387588,#eab308,,,,0.3466694382992523,0.0060467668258657,#a3e635,,
HausEiche 19,,,0.4095270588340677,0.1204055680387907,#a3e635,,,,0.3590936597387854,0.06411575831289,#a3e635,,
HausEiche 20,,,0.4141825492572691,0.1492740847308533,#a3e635,,,,0.3619917212402906,0.0793876453615959,#a3e635,,
HausEiche 21,,,0.4020562501305236,0.122893848135422,#a3e635,,,,0.3612419628601175,0.0622417399133502,#a3e635,,
HausEiche 22,,,0.400291983197947,0.1223907187018848,#a3e635,,,,0.3621213548330567,0.0650220666622352,#a3e635,,
HausEiche 23,,,0.4056804592859061,0.1281476582957397,#a3e635,,,,0.366004107708996,0.0737821982181844,#a3e635,,
HausEiche 24,,,0.3998707577859592,0.1135123571198935,#a3e635,,,,0.3671480779098329,0.073895006054314,#a3e635,,
HausEiche 25,,,0.3959858290856051,0.1062492996449176,#a3e635,,,,0.366274568689619,0.0731123370125095,#a3e635,,
HausEiche 26,,,0.3973510236244284,0.1143684322854782,#a3e635,,,,0.3620946531734108,0.0600671529738157,#a3e635,,
HausEiche 27,,,0.3943677756562914,0.1109595528089506,#a3e635,,,,0.3568749729196666,0.0453617738152765,#a3e635,,
HausEiche 28,,,0.4005610748688216,0.1360489570194415,#a3e635,,,,0.3557210123919818,0.0454876818601837,#a3e635,,
HausEiche 29,,,0.4070489166278206,0.1546440160496256,#a3e635,,,,0.3568223644461795,0.0486139178789907,#a3e635,,
HausEiche 30,,,0.3684020878068921,-0.0007620957557801,#eab308,,,,0.3685020379633826,0.0487453259932153,#a3e635,,
HausEiche 31,,,0.3798150332728576,0.0345989970706789,#a3e635,,,,0.3828188539897378,0.1049830058600453,#a3e635,,
HausEiche 32,,,0.379327122159241,0.0464863923096998,#a3e635,,,,0.3750300075574568,0.0907102319434831,#a3e635,,
HausEiche 33,,,0.3822579851277732,0.0513206373861843,#a3e635,,,,0.3787105277852728,0.1062056919831528,#a3e635,,
HausEiche 34,,,0.3982590471634191,0.1152104900331644,#a3e635,,,,0.383711748885654,0.1383501741282811,#a3e635,,
HausEiche 35,,,0.3886071537659382,0.0675459315973993,#a3e635,,,,0.3946752748568711,0.1721096724524171,#a3e635,,
HausEiche 36,,,0.3715163889803812,0.0121387939688734,#a3e635,,,,0.3809445914128317,0.1163462845787834,#a3e635,,
HausEiche 37,,,0.3670061534140056,-0.0131127717455371,#eab308,,,,0.3724404667664739,0.0718945477758225,#a3e635,,
HausEiche 38,,,0.3617159535947203,-0.0224261597194622,#eab308,,,,0.3758691065273279,0.0854596235967134,#a3e635,,
HausEiche 39,,,0.3507165878106637,-0.0431641421676467,#eab308,,,,0.3637014342845431,0.0433145649541424,#a3e635,,
HausEiche 40,,,0.344324155785301,-0.0628749227389344,#eab308,,,,0.3537600094221593,-0.042938216380583,#eab308,,
HausEiche 41,,,0.3481577183276197,-0.0509357727644463,#eab308,,,,0.3577635768956587,-0.0487968618531672,#eab308,,
HausEiche 42,,,0.3439509577642157,-0.0662763656034624,#eab308,,,,0.3539330828341218,-0.0749934076540364,#eab308,,
HausEiche 43,,,0.342838632085018,-0.0667226246240271,#eab308,,,,0.3530212089920647,-0.0787642075692243,#eab308,,
HausEiche 44,,,0.349021486267053,-0.0535190115462238,#eab308,,,,0.3591994275873226,-0.060291083791558,#eab308,,
HausEiche 45,,,0.3805346212835788,0.0943531495736543,#a3e635,,,,0.3478928934196089,-0.0220540521528458,#eab308,,
HausEiche 46,,,0.3878643050017702,0.1193595239790247,#a3e635,,,,0.3501046190105893,-0.0050304549269638,#eab308,,
HausEiche 47,,,0.3843768157793289,0.1181357956578608,#a3e635,,,,0.3458251463507384,-0.0205063816224405,#eab308,,
HausEiche 48,,,0.3920905451704695,0.1304148337017201,#a3e635,,,,0.3507970144159266,-0.0054381230056343,#eab308,,
HausEiche 49,,,0.4030563740924813,0.1537561453884397,#a3e635,,,,0.3637678738426687,0.0359812931520633,#a3e635,,
HausEiche 50,,,0.4033658189569725,0.1543269963682271,#a3e635,,,,0.3579899531941788,0.0162880343506298,#a3e635,,
HausEiche 51,,,0.3931613735278011,0.1289455967837513,#a3e635,,,,0.351844962779314,-0.007498901175605,#eab308,,
HausEiche 52,,,0.3863726017165302,0.0961974132745368,#a3e635,,,,0.3602179738070508,0.0180596492207724,#a3e635,,
HausEiche 53,,,0.4028022837953881,0.1023543134757511,#a3e635,,,,0.433682093934254,0.1986297413096798,#a3e635,,
HausEiche 54,,,0.3897504510847412,0.0750514766575689,#a3e635,,,,0.4195072813514262,0.1545795198348106,#a3e635,,
HausEiche 55,,,0.3950030299344789,0.0423984785990997,#a3e635,,,,0.4253181847227508,0.1390773040845469,#a3e635,,
HausEiche 56,,,0.4293136694263273,0.0635806697192544,#a3e635,,,,0.4343854789578841,0.1776666109789696,#a3e635,,
MarketGarden 10,0.3823703845371558,,0.348036524639398,-0.0982890489622375,#eab308,,,,0.3405439428452172,-0.1704929108127798,#eab308,,
MarketGarden 100,0.3452530505072054,,0.4614819239777313,0.2517367491720958,#4ade80,,,,0.37982468891764,0.0071349260946751,#a3e635,,
MarketGarden 101,0.4787794129620847,,0.3979829742067764,0.0566018632469711,#a3e635,,,,0.3718805040652922,-0.1127777239885044,#eab308,,
MarketGarden 102,0.3328205784402566,,0.4716177035437099,0.2425614484410883,#4ade80,,,,0.3950714150477834,0.0631437419068773,#a3e635,,
MarketGarden 103,0.3472814562259063,,0.4680144356257379,0.2088660273365861,#4ade80,,,,0.4050022233671054,0.0870272887988645,#a3e635,,
MarketGarden 104,0.472331024380594,,0.4168431404705987,0.0837846050845729,#a3e635,,,,0.3738438309006044,-0.0915037279165269,#eab308,,
MarketGarden 105,0.3345285729275808,,0.4689957614966465,0.2204922631270391,#4ade80,,,,0.3961663852285962,0.0652767073102969,#a3e635,,
MarketGarden 106,0.3338378142841323,,0.4661011087190379,0.2017550601605466,#4ade80,,,,0.3887708614022918,0.0393856533477075,#a3e635,,
MarketGarden 107,0.349583940463454,,0.4702234366035513,0.2183705950096691,#4ade80,,,,0.3827511675420389,0.0374415138220842,#a3e635,,
MarketGarden 108,0.4193994320404475,,0.3737805011493815,-0.0806042219257174,#eab308,,,,0.3813497718617129,-0.056401658752322,#eab308,,
MarketGarden 11,0.5581707015055235,,0.4805252082026045,0.2714769787879986,#4ade80,,,,0.4512183221549448,0.2143394943002909,#4ade80,,
MarketGarden 12,0.3403433951642124,,0.341253596350032,-0.0755030916744995,#eab308,,,,0.3318024439701539,-0.1432546276561601,#eab308,,
MarketGarden 13,0.3401916889009691,,0.3718901035704873,-0.0062322981198367,#eab308,,,,0.3382622517428707,-0.1214106061076466,#eab308,,
MarketGarden 14,0.5096188955244115,,0.3794982749706945,-0.0113170497484018,#eab308,,,,0.378978140813393,-0.0494953417464184,#eab308,,
MarketGarden 15,0.4960690355094797,,0.377670349612464,-0.0263496712851136,#eab308,,,,0.3693445387949642,-0.0832345674674733,#eab308,,
MarketGarden 16,0.4992760573464228,,0.3928144296210865,0.0110547073087073,#a3e635,,,,0.3758524629779822,-0.0495047170293953,#eab308,,
MarketGarden 17,0.4874237448331097,,0.3888161785068676,-0.0014049267584544,#eab308,,,,0.3797738696888542,-0.040746516547292,#eab308,,
MarketGarden 18,0.4291572463495003,,0.3432113977635568,-0.1085195957521352,#eab308,,,,0.3334958778699413,-0.2514774252865453,#f97316,,
MarketGarden 19,0.4308302017735775,,0.4623174882358831,0.1641245019716929,#a3e635,,,,0.449941269238305,0.2095658409322253,#4ade80,,
MarketGarden 20,0.412584216279161,,0.3380250663011946,-0.1131823466932599,#eab308,,,,0.3373377251074091,-0.2204562423960135,#f97316,,
MarketGarden 21,0.3990615017293238,,0.3257858852269117,-0.2016092668611125,#f97316,,,,0.3789505731791042,-0.0198333859676129,#eab308,,
MarketGarden 22,0.4268247298520443,,0.3577409843899792,-0.0344867398964049,#eab308,,,,0.33835308858126,-0.1574580973050159,#eab308,,
MarketGarden 23,0.4512179936115183,,0.4401510815840612,0.1525859543785826,#a3e635,,,,0.4276799167308434,0.1314982563174873,#a3e635,,
MarketGarden 24,0.4636506384308663,,0.3788719733641867,0.0088594934550189,#a3e635,,,,0.3620472737583717,-0.1114515278807222,#eab308,,
MarketGarden 25,0.4719449819483509,,0.3660384365958895,-0.0266036521557383,#eab308,,,,0.3536199383624259,-0.1281961360187503,#eab308,,
MarketGarden 26,0.4755375188245942,,0.388131769801703,0.032836944028377,#a3e635,,,,0.3615258727934562,-0.104302266982215,#eab308,,
MarketGarden 27,0.429514354991361,,0.4989140769723713,0.3220969283204038,#4ade80,,,,0.4724372469886876,0.2860825935000979,#4ade80,,
MarketGarden 28,0.4273188862402003,,0.3937647885552182,0.0698106314955983,#a3e635,,,,0.3880519071940302,-0.0004848135990068,#eab308,,
MarketGarden 29,0.4412819604847814,,0.3817557192193535,0.0355525564004316,#a3e635,,,,0.3864990856049928,-0.0070786675337525,#eab308,,
MarketGarden 30,0.485126189442145,,0.4293233387819472,0.168169625775746,#a3e635,,,,0.4236067675470691,0.1150131778029466,#a3e635,,
MarketGarden 31,0.5072075433460872,,0.4845296414911522,0.2888523567295069,#4ade80,,,,0.4601657968647521,0.2390656205405732,#4ade80,,
MarketGarden 32,0.4614566276275975,,0.4396166147610655,0.17810405240515,#a3e635,,,,0.4250199754796387,0.1237843290784164,#a3e635,,
MarketGarden 33,0.5589369542824366,,0.541517546817417,0.4369140765133973,#16a34a,,,,0.4974562552354568,0.3957567219327044,#4ade80,,
MarketGarden 34,0.44092479641058,,0.3765856009972983,-0.0041566337608062,#eab308,,,,0.3819725553047763,-0.0419907492171106,#eab308,,
MarketGarden 35,0.383728350278108,,0.3677326671400239,-0.0398732598237633,#eab308,,,,0.3389082652349825,-0.1837452151422106,#eab308,,
MarketGarden 36,0.3424770533367557,,0.4156909782350884,0.1002440670846274,#a3e635,,,,0.3712883621076308,-0.0422062629789245,#eab308,,
MarketGarden 37,0.3852701875008452,,0.4210350458602003,0.0981301960243975,#a3e635,,,,0.3959458545662486,-0.0021623432809934,#eab308,,
MarketGarden 38,0.3878402619446979,,0.3954108163944065,0.0313003429552785,#a3e635,,,,0.3890500051194244,0.0020149452555126,#a3e635,,
MarketGarden 39,0.3393708701809677,,0.330461979800887,-0.1465499194149281,#eab308,,,,0.3254501706002082,-0.1987337293054417,#eab308,,
MarketGarden 40,0.4053976471473226,,0.3475175199932211,-0.0900495154872177,#eab308,,,,0.3326604281082739,-0.207791539210189,#f97316,,
MarketGarden 41,0.4386450411828715,,0.3738991518285048,-0.0051859011333243,#eab308,,,,0.3410267035907055,-0.1608190050012377,#eab308,,
MarketGarden 42,0.435984591285771,,0.3840572810223737,0.0134712281104443,#a3e635,,,,0.3439276225002477,-0.1548724910720575,#eab308,,
MarketGarden 43,0.346689316347202,,0.3889666787908034,0.0029160198119864,#a3e635,,,,0.348282958253134,-0.1370086830488611,#eab308,,
MarketGarden 44,0.3754661792398878,,0.3326168927691715,-0.1291597700309907,#eab308,,,,0.3266710050462082,-0.262198588754647,#f97316,,
MarketGarden 45,0.4172339392550948,,0.3600853783402333,-0.0506677480761905,#eab308,,,,0.3567536515863585,-0.0976139520672486,#eab308,,
MarketGarden 46,0.3781446693563773,,0.3879940650722134,0.0279780965225921,#a3e635,,,,0.3618521430132353,-0.0401096847864939,#eab308,,
MarketGarden 47,0.4471129109528194,,0.3930340803148803,0.0572577474030831,#a3e635,,,,0.3825841818795592,0.1470121822620793,#a3e635,,
MarketGarden 48,0.4430026447134552,,0.4498681929201242,0.2061407202663207,#4ade80,,,,0.4351931362052975,0.1778848253603713,#a3e635,,
MarketGarden 49,0.3371419938179082,,0.3208346694796777,-0.1820464271658929,#eab308,,,,0.3216707996396432,-0.1877586002826133,#eab308,,
MarketGarden 5,0.4226605009488614,,0.5280274017675873,0.4276812213584525,#16a34a,,,,0.4705467202163926,0.2985937718003983,#4ade80,,
MarketGarden 50,0.3349511563000701,,0.3150433201032359,-0.2044612376801877,#f97316,,,,0.3209937358839003,-0.178461859714983,#eab308,,
MarketGarden 51,0.4368128675122424,,0.3351946375284478,-0.0863063129684953,#eab308,,,,0.3261754692940855,-0.2122269393380695,#f97316,,
MarketGarden 52,0.3359259915418922,,0.3737042102048887,0.0264133228434122,#a3e635,,,,0.3333534025711689,-0.1607858025414984,#eab308,,
MarketGarden 53,0.3331008830728805,,0.3374050023750037,-0.0809890013388812,#eab308,,,,0.3265546557488029,-0.1987179394123391,#eab308,,
MarketGarden 54,0.3352795308575739,,0.3408099442308471,-0.0755271774722264,#eab308,,,,0.325018434468754,-0.2125285316022165,#f97316,,
MarketGarden 55,0.3316061055033554,,0.3375310155101124,-0.0930208353249329,#eab308,,,,0.3266026731654272,-0.215981900023002,#f97316,,
MarketGarden 56,0.334957365668784,,0.3321919058547883,-0.1103504024721612,#eab308,,,,0.3252157546656208,-0.2173584071305737,#f97316,,
MarketGarden 57,0.3428195894449304,,0.4348396656679016,0.1748490735693549,#a3e635,,,,0.361715526657022,-0.0607488083284796,#eab308,,
MarketGarden 58,0.3396491898656369,,0.3301360304939042,-0.1806944716733825,#eab308,,,,0.3487251724818204,-0.1052949089456076,#eab308,,
MarketGarden 59,0.3368650854067258,,0.3274558042239872,-0.1834572777145149,#eab308,,,,0.3429622030540361,-0.1248571316905339,#eab308,,
MarketGarden 6,0.3511530312235889,,0.4767735448492876,0.3031525168105372,#4ade80,,,,0.4019981479741449,0.1251382644577361,#a3e635,,
MarketGarden 60,0.3350368664323654,,0.3226196031817884,-0.2091828235455613,#f97316,,,,0.3443561264673628,-0.1198400586956463,#eab308,,
MarketGarden 61,0.3498926583543581,,0.326916441429166,-0.1912988602891436,#eab308,,,,0.3489239512351738,-0.0933646020596579,#eab308,,
MarketGarden 62,0.4323397200215019,,0.4124103958725452,0.104382425630458,#a3e635,,,,0.3921682570125895,0.033417027212142,#a3e635,,
MarketGarden 63,0.4698106301479888,,0.3799178293030134,0.0107631342858309,#a3e635,,,,0.3853693357857089,-0.000156806180108,#eab308,,
MarketGarden 64,0.5117345478010517,,0.3551407131788675,-0.1127602479225318,#eab308,,,,0.4563126336237184,0.2492638132558331,#4ade80,,
MarketGarden 65,0.4297391123648971,,0.3697025084617951,-0.0167653358746663,#eab308,,,,0.3491298827779796,-0.1169561165499118,#eab308,,
MarketGarden 66,0.4180494409237532,,0.3771732246100161,-0.0050738625348585,#eab308,,,,0.3455810309476237,-0.1387650166058365,#eab308,,
MarketGarden 67,0.3459376652227334,,0.4637383238405299,0.274968797746758,#4ade80,,,,0.3833080860191984,0.0402581323713791,#a3e635,,
MarketGarden 68,0.3374824230183713,,0.4576946575209173,0.2638537998556444,#4ade80,,,,0.3743068204079779,0.021670472414344,#a3e635,,
MarketGarden 69,0.3440785214010803,,0.4585262136073637,0.254427845423026,#4ade80,,,,0.4067260155940432,0.1198438399892944,#a3e635,,
MarketGarden 7,0.3369042004344513,,0.3612772148549562,-0.000248814307087,#eab308,,,,0.33611529376907,-0.1049702429551341,#eab308,,
MarketGarden 70,0.3379501620150903,,0.4622944629160694,0.2759676176517827,#4ade80,,,,0.3804448795436873,0.0337929247526821,#a3e635,,
MarketGarden 71,0.3325426181518569,,0.4545928822243876,0.269593934315098,#4ade80,,,,0.3694522957473979,0.0026593264426056,#a3e635,,
MarketGarden 72,0.3345385164637087,,0.4578169178731817,0.2641269802418951,#4ade80,,,,0.3791570480406681,0.0457458225586435,#a3e635,,
MarketGarden 73,0.3459884312932071,,0.3629851194921731,-0.0269617576619269,#eab308,,,,0.3422746970675906,-0.1169799402680446,#eab308,,
MarketGarden 74,0.4536199489916314,,0.3533595892663168,-0.0647318832390919,#eab308,,,,0.374604749512197,-0.0395540719666322,#eab308,,
MarketGarden 75,0.3941408844551142,,0.332783531914166,-0.1302888710066065,#eab308,,,,0.3344579630190108,-0.0945277795757197,#eab308,,
MarketGarden 76,0.4030219069926471,,0.3354711308351482,-0.1216327981165197,#eab308,,,,0.3328828745566766,-0.0941856495105084,#eab308,,
MarketGarden 77,0.423289709241234,,0.385747748308561,0.0232955510111529,#a3e635,,,,0.3665223420292242,-0.0774923774754032,#eab308,,
MarketGarden 78,0.3462504602307715,,0.3619046909320945,-0.0357166790042321,#eab308,,,,0.3392408955586741,-0.1184407177800437,#eab308,,
MarketGarden 79,0.4155729759061916,,0.406572242142822,0.0738288520032621,#a3e635,,,,0.3615443110960603,-0.1160612587243552,#eab308,,
MarketGarden 8,0.3385899743735822,,0.450109210785841,0.263571188459594,#4ade80,,,,0.3742684324856763,0.0326631981042654,#a3e635,,
MarketGarden 80,0.4840120674826259,,0.3635744637775059,-0.0428714987522734,#eab308,,,,0.4096823456108657,0.1216602415169203,#a3e635,,
MarketGarden 81,0.4433393008746731,,0.4511722058016987,0.1624822239592946,#a3e635,,,,0.4039086320675778,0.0360837405471568,#a3e635,,
MarketGarden 82,0.3394740557894378,,0.3533035313001015,-0.0753374774641537,#eab308,,,,0.3277617344314478,-0.1587385590103907,#eab308,,
MarketGarden 83,0.4050658747851109,,0.3858256850740642,0.0002304463764164,#a3e635,,,,0.3641915360212039,-0.0821741345863163,#eab308,,
MarketGarden 84,0.422314943805719,,0.3808481392391563,-0.0175173396458278,#eab308,,,,0.3829094161883087,-0.0158427628956038,#eab308,,
MarketGarden 85,0.3979845879048334,,0.3959228354929968,0.0099965319066288,#a3e635,,,,0.3690856810652941,-0.0815518051660199,#eab308,,
MarketGarden 86,0.3755190308548218,,0.4134108420030433,0.0844397022740594,#a3e635,,,,0.3680409201597371,-0.0458785276765325,#eab308,,
MarketGarden 87,0.4476308692321782,,0.3619069488181583,-0.0643436756982613,#eab308,,,,0.3875976250930881,0.0242455513999401,#a3e635,,
MarketGarden 88,0.4366626276489411,,0.3709396914068228,-0.0272700190996251,#eab308,,,,0.3679171321180448,-0.0641005531095514,#eab308,,
MarketGarden 89,0.4391696377876321,,0.3316076126458978,-0.144189212947454,#eab308,,,,0.3580995475581873,-0.1057367231028689,#eab308,,
MarketGarden 9,0.3375911904974188,,0.4672931223041672,0.2825762470341945,#4ade80,,,,0.3793489137294046,0.0396047940006584,#a3e635,,
MarketGarden 90,0.4257773600665872,,0.3632084731598302,-0.0535676808360222,#eab308,,,,0.3666865838132318,-0.0610298078595507,#eab308,,
MarketGarden 91,0.3413282581040749,,0.4667099639260936,0.2194408706477246,#4ade80,,,,0.3975450812118783,0.0717660141741848,#a3e635,,
MarketGarden 92,0.3468576533434396,,0.4611333575063348,0.228622799773138,#4ade80,,,,0.3650309436674763,-0.0183240897620693,#eab308,,
MarketGarden 93,0.3388933327574036,,0.4582368332441285,0.2200315142636226,#4ade80,,,,0.3581705984074914,-0.0415034060944394,#eab308,,
MarketGarden 94,0.3408980651681152,,0.4562734127041143,0.2192932195334171,#4ade80,,,,0.3622512122872118,-0.0288304127316945,#eab308,,
MarketGarden 95,0.3414098350546738,,0.4937043888948269,0.3259635237188608,#4ade80,,,,0.3958284943220628,0.080995863840913,#a3e635,,
MarketGarden 96,0.3319352146158876,,0.4839260674146683,0.3157808021018303,#4ade80,,,,0.3869909716184412,0.050292506223551,#a3e635,,
MarketGarden 97,0.3353384696064461,,0.4604068705205688,0.2469267358158135,#4ade80,,,,0.3682296144078207,-0.0326186685595763,#eab308,,
MarketGarden 98,0.3468169441263652,,0.4577408796414651,0.237928727818221,#4ade80,,,,0.3748374462314512,-0.0133108957033522,#eab308,,
MarketGarden 99,0.3370509700289297,,0.4604886183052915,0.2506143502088926,#4ade80,,,,0.3806489908632078,0.0101914861524854,#a3e635,,
SchopfMoor 01,,,0.3389953113958145,-0.0713553101117053,#eab308,,,,0.3495528350161672,-0.0738389980293199,#eab308,,
SchopfMoor 02,,,0.3422022854095022,-0.0592782832764891,#eab308,,,,0.35011454051309,-0.0566837642341731,#eab308,,
SchopfMoor 03,,,0.34555632437088,-0.0484904581928876,#eab308,,,,0.3499123041505866,-0.0463454252522124,#eab308,,
SchopfMoor 04,,,0.3609973383908646,-0.0041559571547005,#eab308,,,,0.3680616031059369,0.0197393227379863,#a3e635,,
SchopfMoor 05,,,0.3642604484715654,0.0038124815234221,#a3e635,,,,0.3701273808134761,0.0110108213861758,#a3e635,,
SchopfMoor 06,,,0.3697595343377177,0.0154549161207254,#a3e635,,,,0.3785365850759041,0.0345799063738948,#a3e635,,
SchopfMoor 07,,,0.3827642326481203,0.1327087091341958,#a3e635,,,,0.3752501217962813,0.1453541423742369,#a3e635,,
SchopfMoor 08,,,0.4190741063658459,0.2406286349491264,#4ade80,,,,0.3861676453345884,0.1898495092943737,#a3e635,,
SchopfMoor 09,,,0.4149847936738638,0.2267804171293635,#4ade80,,,,0.3867050205182694,0.1965139697745747,#a3e635,,
SchopfMoor 10,,,0.3579242117491474,0.0474554420234702,#a3e635,,,,0.3430403365157035,0.0240718581550793,#a3e635,,
SchopfMoor 11,,,0.392624759825638,0.1683276122566963,#a3e635,,,,0.3661087681341205,0.1215690945786624,#a3e635,,
SchopfMoor 12,,,0.391797131688864,0.1642049398530936,#a3e635,,,,0.379519443542488,0.1601868273788499,#a3e635,,
SchopfMoor 13,,,0.402210845718195,0.1961953371941046,#a3e635,,,,0.3853459339815762,0.1837883909388827,#a3e635,,
SchopfMoor 14,,,0.4014642914306447,0.1902110633772392,#a3e635,,,,0.3768233718347141,0.1604300302728989,#a3e635,,
SchopfMoor 15,,,0.3985024804964241,0.1683408933816677,#a3e635,,,,0.3828246369903144,0.1694382101058892,#a3e635,,
SchopfMoor 16,,,0.3871597726592534,0.1359080326534875,#a3e635,,,,0.3794426683022292,0.1678089032527894,#a3e635,,
SchopfMoor 17,,,0.3940071878349294,0.155966678203058,#a3e635,,,,0.3827361538569873,0.177711854190981,#a3e635,,
SchopfMoor 18,,,0.3803402683743241,0.1047915727463508,#a3e635,,,,0.3736711363989196,0.1145033315242045,#a3e635,,
SchopfMoor 19,,,0.4022095187445949,0.1497102229038986,#a3e635,,,,0.3666956595049062,0.0867846072113736,#a3e635,,
SchopfMoor 20,,,0.4150429322599146,0.1849090184004314,#a3e635,,,,0.3655515471124302,0.09632856405348,#a3e635,,
SchopfMoor 21,,,0.4171464505555847,0.1802600055583536,#a3e635,,,,0.3669739506029971,0.0952670497212042,#a3e635,,
SchopfMoor 22,,,0.4267272817103076,0.1377000460775495,#a3e635,,,,0.3863480581752519,0.0485879216948023,#a3e635,,
SchopfMoor 23,,,0.3501237718861857,-0.0138085160830462,#eab308,,,,0.3304976151509216,-0.0742342200661627,#eab308,,
SchopfMoor 24,,,0.3244542920706301,-0.0893745077003026,#eab308,,,,0.3197163011560951,-0.1037543725869997,#eab308,,
SchopfMoor 25,,,0.3250311022387182,-0.0820797488861933,#eab308,,,,0.3194067549058408,-0.0964064182175756,#eab308,,
SchopfMoor 26,,,0.3273021930153106,-0.0725220522503854,#eab308,,,,0.3203496986025909,-0.1009721312313206,#eab308,,
SchopfMoor 27,,,0.3286246754093224,-0.0629291043338074,#eab308,,,,0.3215505521301433,-0.0941005569129636,#eab308,,
SchopfMoor 28,,,0.328926746319247,-0.061409022294953,#eab308,,,,0.3214453269595368,-0.0956279965990801,#eab308,,
SchopfMoor 29,,,0.3286071222638652,-0.0602265576542691,#eab308,,,,0.3193422594606108,-0.1166139777337483,#eab308,,
SchopfMoor 30,,,0.3283090943381699,-0.0627750076476884,#eab308,,,,0.3203979857893297,-0.1107336588167093,#eab308,,
SchopfMoor 31,,,0.3293450252327763,-0.0559775990168302,#eab308,,,,0.3215285691234523,-0.1003261944639681,#eab308,,
SchopfMoor 32,,,0.3292845038388226,-0.055453101020874,#eab308,,,,0.3213966825502698,-0.0993327415242649,#eab308,,
SchopfMoor 33,,,0.329862110752629,-0.0570052264637236,#eab308,,,,0.3246539961022965,-0.0878564292526741,#eab308,,
SchopfMoor 34,,,0.3827768455256846,0.0431286185213249,#a3e635,,,,0.3597341407019125,0.0006217074135474,#a3e635,,
SchopfMoor 35,,,0.4313769931963373,0.1504712276381518,#a3e635,,,,0.4071813514658683,0.1958593183901568,#a3e635,,
SchopfMoor 36,,,0.4184376072642136,0.1152844329436949,#a3e635,,,,0.4151581963066048,0.2088341179701842,#4ade80,,
SchopfMoor 37,,,0.4166184644375607,0.113120449752738,#a3e635,,,,0.4119402277134188,0.206033131929414,#4ade80,,
SchopfMoor 38,,,0.4128306235022418,0.1127707566368363,#a3e635,,,,0.4293216502079893,0.2502651684767839,#4ade80,,
SchopfMoor 39,,,0.4327822089052812,0.1561573432260569,#a3e635,,,,0.4135340672369466,0.182584403315088,#a3e635,,
SchopfMoor 40,,,0.4149059896536168,0.1226948186834354,#a3e635,,,,0.4014554239921406,0.1349154890634256,#a3e635,,
SchopfMoor 41,,,0.4020721885971231,0.0970397928183158,#a3e635,,,,0.3880488849055096,0.0878081800127832,#a3e635,,
SchopfMoor 42,,,0.3973240334966216,0.0817009973482018,#a3e635,,,,0.3853831656213994,0.0758744466920273,#a3e635,,
SchopfMoor 43,,,0.3925127373496415,0.0680019902914351,#a3e635,,,,0.387570310513784,0.0883109453171242,#a3e635,,
SchopfMoor 44,,,0.3984679631816289,0.0870790684173104,#a3e635,,,,0.3862451245721335,0.0770374122122362,#a3e635,,
SchopfMoor 45,,,0.3937876900146339,0.0714470164372644,#a3e635,,,,0.3818680132075106,0.063658363480325,#a3e635,,
SchopfMoor 46,,,0.3923654125469448,0.0649432373064473,#a3e635,,,,0.3763343392297102,0.047924561462669,#a3e635,,
SchopfMoor 47,,,0.3899955347089184,0.0567667266096547,#a3e635,,,,0.3784103079714024,0.0465229555483992,#a3e635,,
SchopfMoor 48,,,0.3885188201042202,0.0487431316962872,#a3e635,,,,0.3893696751375008,0.08391783848443,#a3e635,,
SchopfMoor 49,,,0.3961352109610274,0.060444288512755,#a3e635,,,,0.3871605879044465,0.0745399807902218,#a3e635,,
SchopfMoor 50,,,0.3953113957481273,0.0594703366998901,#a3e635,,,,0.3819311374634981,0.0535600551368879,#a3e635,,
SchopfMoor 51,,,0.389935171633371,0.0391931888713519,#a3e635,,,,0.3797546490721001,0.0349763914972901,#a3e635,,
SchopfMoor 52,,,0.388058308056349,0.0317035521645637,#a3e635,,,,0.3905106786301249,0.0676381238214526,#a3e635,,
SchopfMoor 53,,,0.4007228007417768,0.0465705453186594,#a3e635,,,,0.3873272646029125,0.0149604733445333,#a3e635,,
SchopfMoor 54,,,0.4124196721043007,0.0779097785740331,#a3e635,,,,0.3987842831335998,0.0407384242408781,#a3e635,,
SchopfMoor 55,,,,,#94a3b8,,,,0.4048714375165214,0.0680315207533506,#a3e635,,
SchopfMoor 56,,,,,#94a3b8,,,,0.4100444433748505,0.1256926014296788,#a3e635,,
SchopfMoor 57,,,,,#94a3b8,,,,0.4099343119141185,0.0730649940922564,#a3e635,,
SchopfMoor 58,,,,,#94a3b8,,,,0.3980668369131173,0.0303596127342702,#a3e635,,
SchopfMoor 59,,,,,#94a3b8,,,,0.3884171806972959,-0.0035711058865662,#eab308,,
SchopfMoor 60,,,,,#94a3b8,,,,0.3815830285593697,-0.0209886244779069,#eab308,,
SchopfMoor 61,,,,,#94a3b8,,,,0.3679329527427806,-0.0679304817789696,#eab308,,
SchopfMoor 62,,,,,#94a3b8,,,,0.354005257803943,-0.1180541638556794,#eab308,,
SchopfMoor 63,,,,,#94a3b8,,,,0.3494283599181826,-0.1047676160202905,#eab308,,
Spannweid 01,,,0.3388166904946146,-0.0852536333930003,#eab308,,,,0.3310332343404389,-0.1080735288602352,#eab308,,
Spannweid 02,,,0.3382231935306233,-0.0833882296305165,#eab308,,,,0.3260057847254073,-0.0903445988987835,#eab308,,
Spannweid 03,,,0.352648930288222,-0.0509294775846484,#eab308,,,,0.3355711893370372,-0.0906035432994985,#eab308,,
Spannweid 04,,,0.4525169808985093,0.158766935691475,#a3e635,,,,0.4487782895030208,0.2536019014966127,#4ade80,,
Spannweid 05,,,0.355347629820479,-0.0383249678995498,#eab308,,,,0.3380333703327705,-0.0838157431218758,#eab308,,
Spannweid 06,,,0.4364047528632787,0.1525198270148883,#a3e635,,,,0.4448791094783617,0.2566597175207006,#4ade80,,
Spannweid 07,,,0.4538563023980802,0.1885098200030878,#a3e635,,,,0.4597321060797306,0.3036757529211139,#4ade80,,
Spannweid 08,,,0.3548724589740177,-0.0320614687585119,#eab308,,,,0.3373384020285148,-0.1011639444050223,#eab308,,
Spannweid 09,,,0.3584598186525975,-0.0163821902986918,#eab308,,,,0.338289494297455,-0.084237142617689,#eab308,,
Spannweid 10,,,0.349689724109526,-0.0431457711659319,#eab308,,,,0.342889716544418,-0.0628799953406608,#eab308,,
Spannweid 100,,,0.33626470192843,-0.0981073878335337,#eab308,,,,0.3613204544990726,-0.0469761627134522,#eab308,,
Spannweid 101,,,0.3328136102051545,-0.0930997268204125,#eab308,,,,0.3482763016591533,-0.098316730430661,#eab308,,
Spannweid 102,,,0.3350351639696733,-0.0959434146616186,#eab308,,,,0.3463828021841203,-0.1067253904342616,#eab308,,
Spannweid 103,,,0.3380485249509288,-0.0815799409041532,#eab308,,,,0.3473350286817698,-0.1078655877782679,#eab308,,
Spannweid 104,,,0.3460611999638907,-0.0607515960133122,#eab308,,,,0.3575929467417794,-0.0797503343138229,#eab308,,
Spannweid 105,,,0.3568931762282777,-0.0318709953473586,#eab308,,,,0.368455788633822,-0.0349306144264127,#eab308,,
Spannweid 106,,,0.3758520132046479,-0.0160422112326461,#eab308,,,,0.3888104846473493,0.0463144982123538,#a3e635,,
Spannweid 107,,,0.3706424708583168,-0.0274384129925325,#eab308,,,,0.3797263885271615,0.006130698340193,#a3e635,,
Spannweid 108,,,0.3465379857587821,-0.0930564469987291,#eab308,,,,0.3629921082499502,-0.061791049156074,#eab308,,
Spannweid 109,,,0.3301475071943877,-0.1510129204066287,#eab308,,,,0.3460150903989865,-0.105454642204766,#eab308,,
Spannweid 11,,,0.4458359412625329,0.1647383983313154,#a3e635,,,,0.4495054549147844,0.2602423284594649,#4ade80,,
Spannweid 110,,,0.3574478496923958,-0.0674518553164392,#eab308,,,,0.3871847531033176,0.0013998883546482,#a3e635,,
Spannweid 12,,,0.4276750806536796,0.095249307071484,#a3e635,,,,0.4381648197308148,0.196042464614945,#a3e635,,
Spannweid 13,,,0.4261534560644684,0.0842268285951137,#a3e635,,,,0.4369873746253219,0.1868331741011505,#a3e635,,
Spannweid 14,,,0.3576439424247825,-0.0640917947974422,#eab308,,,,0.3991762636634642,0.0469527042583848,#a3e635,,
Spannweid 15,,,0.3671160892395037,-0.0454150413798345,#eab308,,,,0.3999783340631175,0.0564322820498043,#a3e635,,
Spannweid 16,,,0.3729759013315586,-0.0031989524431964,#eab308,,,,0.3461527119808614,-0.0751148398852188,#eab308,,
Spannweid 17,,,0.353060226583733,-0.0503324807947265,#eab308,,,,0.33870523134318,-0.0979443267899642,#eab308,,
Spannweid 18,,,0.4020755203548175,0.0307346676630605,#a3e635,,,,0.418383596153936,0.1329506533470903,#a3e635,,
Spannweid 19,,,0.3758559441760963,-0.0058548929701013,#eab308,,,,0.343936314022187,-0.0989040090848309,#eab308,,
Spannweid 20,,,0.4204454001779539,0.0731371830143468,#a3e635,,,,0.4346426779174875,0.2017775555300112,#4ade80,,
Spannweid 21,,,0.3782413244026312,-0.0208366226224374,#eab308,,,,0.3943098024825683,0.0979777006250527,#a3e635,,
Spannweid 22,,,0.4217025422031143,0.0839643988600438,#a3e635,,,,0.4398309376733653,0.2272886234046335,#4ade80,,
Spannweid 23,,,0.4288764408365905,0.0898316413877194,#a3e635,,,,0.4432468160004792,0.2313167770523424,#4ade80,,
Spannweid 24,,,0.4320294216198388,0.1116934633504834,#a3e635,,,,0.4027522107619514,0.0521596856974143,#a3e635,,
Spannweid 25,,,0.3927259316292661,0.0249890764304113,#a3e635,,,,0.3823500126231637,0.0589908136253055,#a3e635,,
Spannweid 26,,,0.4295931167366454,0.0909217051527863,#a3e635,,,,0.4461685449946761,0.2388383855596841,#4ade80,,
Spannweid 27,,,0.3361412944730337,-0.1031422058663548,#eab308,,,,0.3233291278194026,-0.2067249910429342,#f97316,,
Spannweid 28,,,0.4393968624468323,0.1294114324618617,#a3e635,,,,0.4543991249747772,0.2640017867123034,#4ade80,,
Spannweid 29,,,0.4068425860260685,0.0514221258116391,#a3e635,,,,0.4232462889704335,0.1543820868311951,#a3e635,,
Spannweid 30,,,0.4376770624643646,0.129988010651382,#a3e635,,,,0.390442167025086,-0.0019038386564749,#eab308,,
Spannweid 31,,,0.3820650164893843,0.0092876283007776,#a3e635,,,,0.3453058685084213,-0.076128383374251,#eab308,,
Spannweid 32,,,0.4341567724466469,0.1328160076421396,#a3e635,,,,0.3991526918880845,0.0524045907675179,#a3e635,,
Spannweid 33,,,0.4109237999823777,0.0551364231823001,#a3e635,,,,0.4014910627697614,0.0714422472026618,#a3e635,,
Spannweid 34,,,0.4424805314103855,0.1482202022109997,#a3e635,,,,0.3919549504381215,0.0302510901053798,#a3e635,,
Spannweid 35,,,0.4092428926698905,0.0644199983880427,#a3e635,,,,0.3819301683634026,-0.0127615821205975,#eab308,,
Spannweid 36,,,0.4456432809307415,0.1531573111510436,#a3e635,,,,0.4123392396604629,0.1081225328676895,#a3e635,,
Spannweid 37,,,0.3896338657289552,0.0157486469317571,#a3e635,,,,0.3762451109785112,0.0185706484544468,#a3e635,,
Spannweid 38,,,0.4458083138469262,0.158282423614473,#a3e635,,,,0.3936571719868528,0.0225268450383003,#a3e635,,
Spannweid 39,,,0.4382976179408567,0.1442196403321877,#a3e635,,,,0.3807303529750451,-0.0329882539531772,#eab308,,
Spannweid 40,,,0.4308696132646041,0.1357814062877821,#a3e635,,,,0.3890821362461297,0.0141827334130112,#a3e635,,
Spannweid 41,,,0.3906148299246534,0.0117311578098115,#a3e635,,,,0.40750787254602,0.0996814780102774,#a3e635,,
Spannweid 42,,,0.3604511403033965,-0.038932170776662,#eab308,,,,0.3707089341307645,-0.0125663683196186,#eab308,,
Spannweid 43,,,0.3739665213679751,-0.0059795968864103,#eab308,,,,0.3750482768187911,0.0549202369306974,#a3e635,,
Spannweid 44,,,0.4400174482441785,0.1475735386101675,#a3e635,,,,0.3765980926947604,-0.0650362701049774,#eab308,,
Spannweid 45,,,0.3943763020457265,0.0430619629248681,#a3e635,,,,0.3827951865111939,0.0434696913623857,#a3e635,,
Spannweid 46,,,0.3784597048497654,0.023291754398658,#a3e635,,,,0.3616227573822007,0.0002237588090252,#a3e635,,
Spannweid 47,,,0.3692286522555663,0.0001352469355984,#a3e635,,,,0.3571752316268246,-0.0139375092008492,#eab308,,
Spannweid 48,,,0.371770557477869,0.0065702247008518,#a3e635,,,,0.3609239270984922,9.312564563580372e-05,#a3e635,,
Spannweid 49,,,0.3924786756152237,0.0310154586853639,#a3e635,,,,0.4065391605644253,0.1050229409605527,#a3e635,,
Spannweid 50,,,0.3737897838386815,0.01524798797428,#a3e635,,,,0.3587354943843956,-0.0118738050279839,#eab308,,
Spannweid 51,,,0.3705018971487834,0.0068817588818567,#a3e635,,,,0.3550945909465794,-0.0301212426747097,#eab308,,
Spannweid 52,,,0.382168599954872,0.040187854699098,#a3e635,,,,0.366924789903266,0.0129390831355224,#a3e635,,
Spannweid 53,,,0.384635441962727,0.0068133123408271,#a3e635,,,,0.3968011647224925,0.0669821766909377,#a3e635,,
Spannweid 54,,,0.3763528845377391,0.0176811220791103,#a3e635,,,,0.3626788474877375,0.0025870733948981,#a3e635,,
Spannweid 55,,,0.3818715491294758,0.0453757134756859,#a3e635,,,,0.3642247371786726,0.0167029489490306,#a3e635,,
Spannweid 56,,,0.383925421978157,0.0714312890659036,#a3e635,,,,0.3634239626320949,0.0433965244987595,#a3e635,,
Spannweid 57,,,0.408637554953301,0.1040674393807143,#a3e635,,,,0.4141511355748185,0.1700727789759991,#a3e635,,
Spannweid 58,,,0.3790092316256916,0.0785212355489215,#a3e635,,,,0.3666193083352857,0.0778349058975626,#a3e635,,
Spannweid 59,,,0.3734911671972992,0.0529172999785417,#a3e635,,,,0.3665376434811005,0.0695066289397593,#a3e635,,
Spannweid 60,,,0.370454811388921,0.0424045717875498,#a3e635,,,,0.3686181483066655,0.0808998860676049,#a3e635,,
Spannweid 61,,,0.3902301097241351,0.0800195837537223,#a3e635,,,,0.3931964669116325,0.1451460780414858,#a3e635,,
Spannweid 62,,,0.3706735505104345,0.0380072707147968,#a3e635,,,,0.3427513925066133,-0.0336288075296399,#eab308,,
Spannweid 63,,,0.3706244565851096,0.0345414107917832,#a3e635,,,,0.3397420928102045,-0.0532300670140507,#eab308,,
Spannweid 64,,,0.3737896089841629,0.0426941403882814,#a3e635,,,,0.3406055351177008,-0.0515786262398793,#eab308,,
Spannweid 65,,,0.3344037731394828,-0.077194637194383,#eab308,,,,0.3218583064609596,-0.1231915828781515,#eab308,,
Spannweid 66,,,0.3739169095356781,0.0349940514490678,#a3e635,,,,0.3437767521070352,-0.0323915266493548,#eab308,,
Spannweid 67,,,0.37383361075698,0.0323129930945386,#a3e635,,,,0.3425724450500763,-0.0345859622417092,#eab308,,
Spannweid 68,,,0.3263347281026357,-0.1088777339158205,#eab308,,,,0.318500842512735,-0.1271059914232416,#eab308,,
Spannweid 69,,,0.3279850917064178,-0.1084726017872902,#eab308,,,,0.3203251139384155,-0.1242903594497824,#eab308,,
Spannweid 70,,,0.333708952621618,-0.0933986186263542,#eab308,,,,0.3217209569500094,-0.1239734502255338,#eab308,,
Spannweid 71,,,0.3322370146092744,-0.0967656424052324,#eab308,,,,0.3226358709760391,-0.119703977292342,#eab308,,
Spannweid 72,,,0.3312154039272854,-0.0844724050129949,#eab308,,,,0.3239207851730351,-0.1084162419449844,#eab308,,
Spannweid 73,,,0.3332870945153335,-0.0764572983821935,#eab308,,,,0.3211969121914957,-0.1170197340429554,#eab308,,
Spannweid 74,,,0.329097265126292,-0.0805005659613391,#eab308,,,,0.3212517207226198,-0.1107470824031367,#eab308,,
Spannweid 75,,,0.3349002443058968,-0.0540518910221295,#eab308,,,,0.3230337153496486,-0.0951623293457228,#eab308,,
Spannweid 76,,,0.3414678216403939,-0.0298868016550364,#eab308,,,,0.3255280068970985,-0.0882161720743741,#eab308,,
Spannweid 77,,,0.3381890441528091,-0.0299309381214916,#eab308,,,,0.3236243038152239,-0.0647181493144758,#eab308,,
Spannweid 78,,,0.3458071013003299,-0.0098358788278775,#eab308,,,,0.3285659566113592,-0.0511431733717961,#eab308,,
Spannweid 79,,,0.3513971420709825,0.001355019571516,#a3e635,,,,0.3296500320700604,-0.0633554095208036,#eab308,,
Spannweid 80,,,0.3443647349219085,-0.0238471494418796,#eab308,,,,0.3273647797354619,-0.0747190752664479,#eab308,,
Spannweid 81,,,0.3402867557948949,-0.0447920148796611,#eab308,,,,0.3268120939403618,-0.0877604174996117,#eab308,,
Spannweid 82,,,0.3435571813526444,-0.0293394669863838,#eab308,,,,0.3279134129578294,-0.0724100658050758,#eab308,,
Spannweid 83,,,0.3317000800170729,-0.0521341021833038,#eab308,,,,0.3218281506192333,-0.0851550844267417,#eab308,,
Spannweid 84,,,0.336259011083117,-0.0397954127410132,#eab308,,,,0.322229601956932,-0.0817299762942312,#eab308,,
Spannweid 85,,,0.3347327282203638,-0.0497179786298585,#eab308,,,,0.3273046367372005,-0.0758019641446976,#eab308,,
Spannweid 86,,,0.3420598814851684,-0.0285718721622511,#eab308,,,,0.3298892499297399,-0.0607585993546805,#eab308,,
Spannweid 87,,,0.3403518093238848,-0.0399623410823726,#eab308,,,,0.3291510462617218,-0.069486858804645,#eab308,,
Spannweid 88,,,0.337262041541673,-0.0421063690637291,#eab308,,,,0.3270711703585007,-0.0708485479726063,#eab308,,
Spannweid 89,,,0.3302033834717525,-0.0529703062754978,#eab308,,,,0.3247011214652126,-0.0711815305254482,#eab308,,
Spannweid 90,,,0.3307173340055799,-0.0503120389869713,#eab308,,,,0.3241843434240967,-0.0826695705099857,#eab308,,
Spannweid 91,,,0.3316623089740906,-0.0500757861369764,#eab308,,,,0.3249670196960404,-0.0866894603360539,#eab308,,
Spannweid 92,,,0.336344674893492,-0.0378715575812303,#eab308,,,,0.3259988672651421,-0.0876018562576489,#eab308,,
Spannweid 93,,,0.3425550211687881,-0.025535288164445,#eab308,,,,0.327899017666181,-0.0877710569266321,#eab308,,
Spannweid 94,,,0.3379161627885679,-0.0379967852947169,#eab308,,,,0.3229594907402287,-0.1024320799279011,#eab308,,
Spannweid 95,,,0.3324349296877102,-0.0553652298817808,#eab308,,,,0.3229020284358501,-0.1095724500058959,#eab308,,
Spannweid 96,,,0.3352523202083956,-0.0577993708764498,#eab308,,,,0.3251848504448857,-0.1075413116183337,#eab308,,
Spannweid 97,,,0.3310286511442178,-0.0670954937779062,#eab308,,,,0.3229896845128273,-0.1028477645321447,#eab308,,
Spannweid 98,,,0.3479131651651018,-0.0571522865014828,#eab308,,,,0.3809559642329185,0.0452874514928969,#a3e635,,
Spannweid 99,,,0.3392816858221141,-0.0895118054573017,#eab308,,,,0.370487070529452,-0.0053649151858985,#eab308,,
